user_id,movie_name,review_text,release_date,sentiment,duration,platform,timestamp,rating,likes
,lagaan ,Loved the acting and story,2001-12-16,positive,120 min,YouTube,2014-01-20 17:21:21,,-25.0
user355 ,bahubali, EXCELLENT visuals but slow ,2000-12-30,NEGATIVE,120 min,YouTube,2024-09-13 02:56:38,6.0,
user333 ,RRR ,Amazing movie!!  must watch ,1991-12-21,positive, 150 MIN, instagram,1990-12-14 09:58:27,7.5,0.0
,lagaan ,It was okay... nothing special ,2005-05-29,very NEGATIVE,180mins , instagram,2017-04-25 20:33:36,5.0,
user924 ,Pushpa,Loved the acting and story,2020-09-20,very NEGATIVE,90 Min,YouTube,2013-05-09 21:26:23,10.0,
,3 idiots,not worth the hype   ,1993-09-15, very positive,2h 30m, instagram,2005-01-09 10:35:25,-2.0,1200.0
user406 ,lagaan ,It was okay... nothing special ,1990-09-25,NEGATIVE,90 Min,Twitter,2018-03-09 11:00:57,5.0,-25.0
user554 ,3 idiots,not worth the hype   ,1992-09-05,Neutral ,180mins ,Netflix,2022-04-24 07:34:30,0.0,-25.0
USR_138,lagaan ,Loved the acting and story,1991-12-25,positive, 150 MIN,YouTube,1998-09-01 00:16:51,5.0,1200.0
USR_70,dangal,Loved the acting and story,1990-01-06,positive,90 Min,Twitter,2012-11-22 11:45:05,-2.0,3.0
user824 ,KGF chapter 2,Amazing movie!!  must watch ,2014-07-09, very positive,120 min,FACEBOOK ,2001-10-11 15:02:48,10.0,0.0
,dangal, EXCELLENT visuals but slow ,1997-05-08, very positive,120 min,Netflix,2020-06-17 04:23:42,2.5,1200.0
user854 ,the DARK Knight,not worth the hype   ,2013-04-08, very positive,90 Min,FACEBOOK ,1996-07-22 20:49:58,4.0,3.0
user139 ,bahubali,bad direction  poor script,1995-05-13,NEGATIVE,90 Min,YouTube,2009-05-21 01:47:08,7.5,1200.0
USR_6,Sholay, EXCELLENT visuals but slow ,2023-03-15, very positive,2h 30m,YouTube,2024-09-25 00:10:33,5.0,50.0
,bahubali,bad direction  poor script,1994-09-13,very NEGATIVE,2h 30m, instagram,2015-07-30 10:05:17,10.0,-25.0
USR_53,Interstellar ,Loved the acting and story,1991-12-06,very NEGATIVE,120 min, instagram,2012-08-29 06:48:57,,-25.0
,Inception ,bad direction  poor script,2004-03-22,positive,2h 30m,imdb ,2014-02-13 04:59:56,10.0,-25.0
user514 ,KGF chapter 2,not worth the hype   ,1991-04-08,Neutral ,90 Min,YouTube,2005-04-11 12:58:14,10.0,-25.0
,Pathaan ,not worth the hype   ,2016-12-20,very NEGATIVE,180mins ,FACEBOOK ,2021-03-18 18:07:44,,0.0
user380 ,Sholay,Loved the acting and story,2004-02-26,Neutral , 150 MIN,YouTube,2005-05-22 06:52:11,6.0,
user394 ,Interstellar ,not worth the hype   ,1997-11-05,very NEGATIVE,180mins ,FACEBOOK ,1993-02-07 09:07:58,4.0,50.0
,KGF chapter 2,Amazing movie!!  must watch ,2016-04-14, very positive,2h 30m,Twitter,2010-11-19 18:48:45,5.0,-25.0
USR_166,Sholay,Loved the acting and story,2015-03-31,very NEGATIVE,2h 30m, instagram,2020-12-21 14:32:36,4.0,0.0
,the DARK Knight,Loved the acting and story,2019-08-13, very positive, 150 MIN,YouTube,2014-01-02 01:30:34,0.0,0.0
,Jawan ,not worth the hype   ,1991-06-11, very positive,90 Min,imdb ,2024-09-25 09:45:37,,0.0
,3 idiots,Amazing movie!!  must watch ,2001-05-14,Neutral , 150 MIN,YouTube,2006-01-16 13:02:38,,3.0
,the DARK Knight,It was okay... nothing special ,2013-07-16,NEGATIVE,90 Min, instagram,2003-08-01 15:55:56,7.5,-25.0
,Inception ,Loved the acting and story,2017-06-29,very NEGATIVE,90 Min,FACEBOOK ,1998-10-05 16:59:04,6.0,3.0
,Jawan ,Loved the acting and story,2024-03-02, very positive,90 Min,FACEBOOK ,1996-11-25 15:08:12,2.5,-25.0
,Inception ,Loved the acting and story,1991-02-28,positive,180mins ,Netflix,2004-06-10 17:01:02,2.5,1200.0
USR_112,Pathaan , worst MOVIE ever,2003-08-24,positive,2h 30m,Netflix,2018-11-05 10:13:32,,1200.0
,RRR , worst MOVIE ever,2008-08-01,NEGATIVE,90 Min,Netflix,2009-06-30 12:35:12,6.0,
,Interstellar , worst MOVIE ever,2011-05-03,positive, 150 MIN,Twitter,2010-08-22 11:35:39,,3.0
USR_134,bahubali, worst MOVIE ever,2007-07-10,positive,120 min,imdb ,2023-10-12 03:37:42,5.0,1200.0
user809 ,Titanic,Loved the acting and story,1998-01-24, very positive, 150 MIN,YouTube,1996-04-22 00:10:50,-2.0,0.0
,Titanic,Loved the acting and story,2009-04-19,NEGATIVE,180mins ,Twitter,1992-07-12 04:07:29,-2.0,-25.0
USR_172,RRR ,not worth the hype   ,1999-04-04,NEGATIVE, 150 MIN,YouTube,2005-04-26 21:09:05,,0.0
USR_84,bahubali,not worth the hype   ,2000-04-08,positive,120 min,imdb ,1992-11-24 03:59:15,4.0,-25.0
,lagaan ,bad direction  poor script,2024-06-04,very NEGATIVE,2h 30m,YouTube,2014-11-27 11:23:40,0.0,3.0
USR_9,bahubali,It was okay... nothing special ,2020-12-17,positive,2h 30m,imdb ,2024-01-16 00:41:18,-2.0,3.0
user198 ,bahubali,Loved the acting and story,1994-09-11,very NEGATIVE,90 Min, instagram,2007-11-26 20:43:04,2.5,-25.0
USR_185,lagaan ,Loved the acting and story,2002-09-16,very NEGATIVE,90 Min, instagram,2007-05-17 00:16:46,,1200.0
,bahubali, worst MOVIE ever,1994-07-10,NEGATIVE,90 Min,Twitter,2002-02-18 03:57:58,-2.0,0.0
USR_15,bahubali, worst MOVIE ever,2001-04-22, very positive,120 min,imdb ,2001-08-30 16:50:35,-2.0,1200.0
USR_137,Interstellar ,not worth the hype   ,2018-08-14,Neutral ,180mins , instagram,1990-03-29 02:53:07,-2.0,3.0
USR_100,dangal, worst MOVIE ever,1995-12-08, very positive,120 min,YouTube,1999-05-29 07:58:00,6.0,-25.0
user188 ,Interstellar ,Loved the acting and story,1997-07-17, very positive,2h 30m,Twitter,1991-01-26 03:50:36,6.0,0.0
user64 ,dangal,bad direction  poor script,2022-01-16,NEGATIVE,2h 30m,FACEBOOK ,2016-10-19 17:50:42,5.0,
USR_171,Interstellar , worst MOVIE ever,2009-02-25,NEGATIVE,180mins ,Twitter,2008-12-17 02:55:51,0.0,-25.0
user58 ,Titanic,not worth the hype   ,1992-10-24, very positive,90 Min, instagram,2007-12-23 18:45:52,6.0,1200.0
USR_137,Inception ,not worth the hype   ,1999-09-13,positive,180mins ,Twitter,2013-12-30 09:44:01,2.5,1200.0
user169 ,Pushpa,Amazing movie!!  must watch ,2022-01-09,positive,180mins ,Netflix,2011-03-13 19:24:21,0.0,1200.0
USR_169,dangal, EXCELLENT visuals but slow ,1994-08-30,positive,120 min, instagram,1996-10-30 21:51:41,0.0,1200.0
USR_170,bahubali,bad direction  poor script,2008-11-16,Neutral ,2h 30m,YouTube,1998-04-04 17:33:54,10.0,
user921 ,Jawan , EXCELLENT visuals but slow ,1996-06-17,very NEGATIVE,90 Min,Netflix,2016-12-10 03:29:58,2.5,1200.0
,bahubali,It was okay... nothing special ,2023-10-10, very positive,2h 30m,Netflix,2023-03-15 09:53:34,5.0,-25.0
USR_44,the DARK Knight,bad direction  poor script,1994-05-06, very positive,2h 30m,YouTube,2019-10-03 05:57:06,-2.0,-25.0
,Pushpa, EXCELLENT visuals but slow ,2021-12-22,positive,180mins ,imdb ,2023-11-29 07:56:40,10.0,3.0
user332 ,dangal,not worth the hype   ,2008-09-02,Neutral ,2h 30m,Netflix,2011-07-28 05:15:06,,1200.0
,bahubali,Amazing movie!!  must watch ,1996-04-17,NEGATIVE, 150 MIN,Netflix,2020-10-07 12:47:51,0.0,50.0
user530 , AVATAR,not worth the hype   ,2011-10-19,very NEGATIVE,120 min,YouTube,1996-12-27 08:22:43,10.0,1200.0
,KGF chapter 2, EXCELLENT visuals but slow ,2011-03-11, very positive,2h 30m,Twitter,2018-08-12 13:55:26,-2.0,0.0
,Inception ,Amazing movie!!  must watch ,2022-01-06,Neutral ,2h 30m,FACEBOOK ,2024-11-29 07:44:35,10.0,3.0
user797 ,3 idiots,It was okay... nothing special ,2019-11-09,NEGATIVE,120 min, instagram,1995-09-07 20:28:12,7.5,3.0
,bahubali, EXCELLENT visuals but slow ,1995-08-11,Neutral ,2h 30m,imdb ,2003-12-10 21:04:22,2.5,
,Pushpa,Amazing movie!!  must watch ,2016-11-29, very positive,90 Min,YouTube,2007-12-06 22:31:04,2.5,-25.0
USR_90,3 idiots,Loved the acting and story,2023-01-24, very positive,120 min,YouTube,1993-04-15 11:32:24,-2.0,-25.0
user101 ,Inception ,It was okay... nothing special ,1997-11-05,NEGATIVE,120 min,Twitter,2008-12-10 20:41:58,7.5,1200.0
USR_112,3 idiots,Amazing movie!!  must watch ,2008-08-07,positive,120 min,FACEBOOK ,2012-10-06 12:24:53,5.0,0.0
USR_90,Jawan , worst MOVIE ever,1995-06-07,positive,180mins ,YouTube,2012-06-07 10:02:52,2.5,0.0
USR_81, AVATAR,It was okay... nothing special ,2017-02-19, very positive,2h 30m, instagram,2013-12-21 01:39:30,0.0,-25.0
user256 ,RRR ,bad direction  poor script,1999-12-11,Neutral , 150 MIN, instagram,2010-10-17 15:50:21,7.5,1200.0
USR_115,KGF chapter 2, EXCELLENT visuals but slow ,2003-03-01,positive,180mins ,YouTube,1994-06-03 19:54:20,6.0,50.0
user637 , AVATAR, worst MOVIE ever,2024-09-24,positive, 150 MIN,Netflix,2008-09-02 16:28:43,4.0,50.0
USR_61, AVATAR,bad direction  poor script,2000-08-26, very positive,120 min,imdb ,2007-04-19 17:04:23,7.5,1200.0
, AVATAR,It was okay... nothing special ,2021-05-20,very NEGATIVE, 150 MIN, instagram,2003-08-26 13:09:10,7.5,0.0
user247 ,Sholay, worst MOVIE ever,2003-04-24,NEGATIVE,90 Min,imdb ,1992-03-16 09:59:59,2.5,50.0
, AVATAR,not worth the hype   ,2004-12-09,very NEGATIVE, 150 MIN,FACEBOOK ,1991-10-10 03:15:02,5.0,-25.0
USR_22,KGF chapter 2, worst MOVIE ever,1994-03-29,very NEGATIVE,90 Min,Twitter,2017-03-09 21:15:41,-2.0,3.0
user253 ,Interstellar , worst MOVIE ever,2010-03-19,NEGATIVE,90 Min,FACEBOOK ,2023-02-06 12:01:39,7.5,0.0
user452 ,Jawan , worst MOVIE ever,2015-07-19,NEGATIVE, 150 MIN, instagram,2003-06-06 23:43:50,7.5,50.0
user705 ,3 idiots,not worth the hype   ,1998-11-08,NEGATIVE,90 Min, instagram,2000-06-04 15:57:47,-2.0,
,3 idiots,Amazing movie!!  must watch ,2012-05-18, very positive, 150 MIN,imdb ,2018-08-10 07:50:39,6.0,1200.0
USR_20,Interstellar ,bad direction  poor script,2003-04-30,Neutral , 150 MIN, instagram,2017-09-10 06:12:00,-2.0,3.0
USR_132,Inception , worst MOVIE ever,2010-11-09,Neutral ,90 Min,Twitter,2009-07-24 17:19:06,7.5,1200.0
USR_7,bahubali, worst MOVIE ever,2009-10-14, very positive,2h 30m,Twitter,2021-03-31 15:30:22,5.0,
user377 ,Interstellar ,It was okay... nothing special ,2015-10-04,very NEGATIVE,120 min,Twitter,1990-05-31 20:45:22,5.0,3.0
, AVATAR, worst MOVIE ever,1998-01-18,Neutral , 150 MIN,Netflix,2010-04-29 04:52:49,10.0,-25.0
USR_189,bahubali,Loved the acting and story,1997-03-22,Neutral ,90 Min,FACEBOOK ,2024-06-12 12:34:44,6.0,1200.0
user15 ,Pathaan , worst MOVIE ever,2011-04-19,NEGATIVE,90 Min, instagram,1996-12-10 19:22:28,5.0,1200.0
USR_1,bahubali,Loved the acting and story,2019-12-20,positive, 150 MIN,Twitter,2001-08-22 04:51:17,0.0,3.0
user695 ,Pathaan , worst MOVIE ever,2000-11-08,very NEGATIVE, 150 MIN, instagram,2018-11-26 08:50:25,10.0,3.0
user400 ,KGF chapter 2,It was okay... nothing special ,2021-02-17,Neutral , 150 MIN,Twitter,2000-06-01 23:49:28,4.0,
USR_94,Interstellar ,not worth the hype   ,2010-07-07,very NEGATIVE,180mins ,imdb ,1991-10-22 01:15:09,7.5,3.0
user115 ,RRR ,Amazing movie!!  must watch ,2017-11-12,very NEGATIVE,2h 30m, instagram,1998-08-29 07:01:44,-2.0,
user560 ,RRR ,bad direction  poor script,2018-02-08, very positive,2h 30m,Netflix,1998-08-08 10:51:25,2.5,50.0
,the DARK Knight, EXCELLENT visuals but slow ,2020-05-25,very NEGATIVE, 150 MIN,Netflix,2003-06-05 08:55:30,4.0,-25.0
USR_138,bahubali, worst MOVIE ever,2001-02-03,NEGATIVE,120 min,FACEBOOK ,2018-06-08 07:23:06,7.5,
,bahubali,bad direction  poor script,2023-12-30,very NEGATIVE,120 min,Netflix,2017-12-14 12:46:49,5.0,1200.0
user185 ,Titanic,not worth the hype   ,2024-06-19,Neutral ,180mins , instagram,2009-11-11 18:40:19,2.5,50.0
USR_85,Jawan , EXCELLENT visuals but slow ,2024-05-10,Neutral ,180mins ,FACEBOOK ,2012-11-06 18:23:10,7.5,3.0
user76 , AVATAR, worst MOVIE ever,2018-09-12, very positive,120 min,Netflix,2006-03-06 12:43:31,2.5,-25.0
,dangal, worst MOVIE ever,1997-09-05,very NEGATIVE, 150 MIN,FACEBOOK ,2001-02-07 13:08:58,10.0,3.0
,Pathaan ,Amazing movie!!  must watch ,1992-11-12,very NEGATIVE,90 Min, instagram,2019-12-21 05:15:03,7.5,0.0
user218 ,KGF chapter 2,Loved the acting and story,2015-03-24,positive,90 Min,FACEBOOK ,2019-02-03 12:44:11,6.0,-25.0
USR_84,Pushpa, EXCELLENT visuals but slow ,2016-03-12,very NEGATIVE,120 min, instagram,2024-01-16 13:40:21,7.5,1200.0
USR_29,the DARK Knight,bad direction  poor script,2021-03-05,positive,180mins ,Twitter,1997-05-06 22:06:08,5.0,1200.0
USR_49,Titanic, worst MOVIE ever,2023-09-19,NEGATIVE,180mins ,Twitter,1991-08-17 02:32:13,7.5,0.0
user151 , AVATAR, EXCELLENT visuals but slow ,2012-04-30, very positive,90 Min,Netflix,2017-11-26 07:07:27,-2.0,3.0
user685 ,bahubali,not worth the hype   ,2019-08-27,positive, 150 MIN,YouTube,2016-03-19 17:14:52,10.0,-25.0
, AVATAR,Amazing movie!!  must watch ,2001-12-03,very NEGATIVE,2h 30m,Twitter,2000-11-11 07:00:43,4.0,0.0
,Titanic,bad direction  poor script,2003-12-27,positive,120 min,Netflix,2023-02-15 22:17:05,10.0,1200.0
,bahubali,not worth the hype   ,2004-12-31, very positive,90 Min, instagram,2014-12-05 13:31:02,-2.0,
USR_28,KGF chapter 2, worst MOVIE ever,2013-06-23,very NEGATIVE,120 min,imdb ,2022-07-11 21:13:22,0.0,-25.0
user887 , AVATAR,bad direction  poor script,2015-12-24,Neutral ,2h 30m,Twitter,2010-01-17 00:55:05,4.0,50.0
USR_20,dangal, EXCELLENT visuals but slow ,2019-11-24, very positive,2h 30m,Twitter,1995-09-01 14:42:08,10.0,50.0
user326 ,3 idiots,bad direction  poor script,2004-08-03, very positive,90 Min,FACEBOOK ,1997-08-04 06:49:14,7.5,0.0
USR_19,Pathaan ,not worth the hype   ,2001-02-16, very positive,180mins , instagram,2021-05-16 12:19:20,10.0,50.0
USR_181,dangal,bad direction  poor script,2016-07-13,very NEGATIVE,120 min,Netflix,2013-09-02 03:28:43,0.0,-25.0
USR_123, AVATAR, EXCELLENT visuals but slow ,2010-09-07,positive,2h 30m, instagram,2001-02-13 02:06:39,4.0,0.0
user333 ,KGF chapter 2,It was okay... nothing special ,1993-07-18,NEGATIVE,90 Min,Netflix,1992-06-03 16:25:23,6.0,1200.0
,Interstellar ,Loved the acting and story,2020-01-23,very NEGATIVE, 150 MIN,YouTube,1993-03-13 06:13:55,0.0,50.0
,bahubali, worst MOVIE ever,2002-09-16,positive,180mins ,FACEBOOK ,2000-07-23 13:46:52,7.5,-25.0
user306 ,Jawan ,Amazing movie!!  must watch ,2022-02-15,NEGATIVE,180mins ,YouTube,1997-09-03 09:19:19,,1200.0
USR_61,Titanic,Amazing movie!!  must watch ,1991-10-15,Neutral ,2h 30m, instagram,2008-12-27 23:42:53,-2.0,-25.0
,the DARK Knight,not worth the hype   ,2014-10-07,NEGATIVE,120 min, instagram,1997-12-27 17:54:35,10.0,50.0
,Titanic,Loved the acting and story,2011-06-30,very NEGATIVE,90 Min,FACEBOOK ,1998-02-27 22:26:55,7.5,
user875 ,Jawan ,It was okay... nothing special ,1999-07-14, very positive,90 Min,Netflix,2005-05-23 23:32:36,,50.0
,Pathaan ,It was okay... nothing special ,1997-12-26, very positive,120 min,YouTube,1996-03-31 10:39:31,10.0,3.0
,lagaan ,Amazing movie!!  must watch ,2024-07-07,NEGATIVE,90 Min,YouTube,2021-06-26 10:56:04,2.5,0.0
,Titanic,It was okay... nothing special ,2012-06-05, very positive,120 min,Netflix,2016-10-21 15:29:14,2.5,3.0
user591 ,Jawan ,Loved the acting and story,2005-07-07,positive, 150 MIN, instagram,1991-12-23 07:33:49,10.0,1200.0
USR_52,KGF chapter 2,It was okay... nothing special ,2023-11-04,NEGATIVE,90 Min,Twitter,1990-03-25 09:35:16,6.0,1200.0
USR_21,dangal,Loved the acting and story,2008-04-02,very NEGATIVE,2h 30m,imdb ,2003-12-05 14:49:31,6.0,-25.0
,Inception ,Loved the acting and story,2020-02-22,positive,2h 30m, instagram,2022-12-03 01:44:54,,3.0
user631 ,Pathaan ,Amazing movie!!  must watch ,1999-12-12,Neutral ,2h 30m,imdb ,2023-09-10 08:36:10,4.0,50.0
USR_44,Sholay,bad direction  poor script,1991-10-09,Neutral ,2h 30m,FACEBOOK ,2007-06-17 00:41:04,10.0,
,Interstellar ,Amazing movie!!  must watch ,2014-04-09,NEGATIVE,120 min,imdb ,2012-10-16 22:39:29,10.0,
USR_33,Pathaan ,It was okay... nothing special ,2014-07-08, very positive,2h 30m,imdb ,1998-02-03 17:12:57,2.5,50.0
,the DARK Knight, worst MOVIE ever,2002-02-16, very positive,90 Min,YouTube,1992-05-07 10:18:33,,-25.0
user147 ,bahubali, EXCELLENT visuals but slow ,2005-12-19,Neutral ,2h 30m,imdb ,2006-05-02 19:46:02,-2.0,1200.0
user655 , AVATAR,It was okay... nothing special ,2001-05-30,NEGATIVE,90 Min,Netflix,2005-01-07 21:46:42,2.5,3.0
user734 ,lagaan ,not worth the hype   ,2015-03-07,very NEGATIVE, 150 MIN,FACEBOOK ,2020-11-02 15:48:39,5.0,1200.0
USR_109,lagaan ,Loved the acting and story,2011-12-02,positive,90 Min,imdb ,2018-12-01 03:57:24,10.0,-25.0
USR_137,Pathaan ,Loved the acting and story,1993-01-29,Neutral ,2h 30m,Twitter,1995-07-28 05:31:22,0.0,1200.0
user379 ,Inception , EXCELLENT visuals but slow ,2019-10-18,NEGATIVE,2h 30m,Twitter,2009-08-14 03:59:42,6.0,
user460 , AVATAR,bad direction  poor script,2000-09-18,positive, 150 MIN,imdb ,1997-03-05 05:02:41,,50.0
,Titanic,It was okay... nothing special ,1991-08-16,very NEGATIVE, 150 MIN,YouTube,2007-02-05 11:11:20,,-25.0
,Sholay,bad direction  poor script,1995-07-20,Neutral ,90 Min,Twitter,2024-08-01 20:34:04,,50.0
,bahubali, worst MOVIE ever,2020-05-28, very positive,90 Min,YouTube,2010-05-17 01:03:14,-2.0,1200.0
USR_43,lagaan ,not worth the hype   ,1998-06-30,NEGATIVE,90 Min,Twitter,2003-04-12 19:03:25,7.5,50.0
USR_118,Inception , worst MOVIE ever,2008-11-16, very positive, 150 MIN,Twitter,2016-11-12 13:22:32,2.5,3.0
,bahubali,Amazing movie!!  must watch ,2018-09-26,positive,180mins ,Netflix,1993-09-17 14:33:17,10.0,0.0
USR_82,Sholay,bad direction  poor script,1993-06-01,very NEGATIVE,2h 30m,Twitter,1998-04-07 13:26:47,6.0,1200.0
USR_116,Interstellar ,not worth the hype   ,2024-08-01,Neutral ,90 Min,YouTube,2000-02-15 18:30:21,6.0,
,Titanic,not worth the hype   ,1993-05-30,NEGATIVE,90 Min,FACEBOOK ,2015-10-16 22:59:55,6.0,1200.0
,RRR ,It was okay... nothing special ,1992-10-12,positive,180mins ,Twitter,2003-10-22 02:25:33,0.0,0.0
USR_48,dangal, worst MOVIE ever,2019-07-20,positive, 150 MIN,imdb ,1993-03-08 11:56:21,10.0,-25.0
USR_157,Sholay,Loved the acting and story,2003-11-12,NEGATIVE,90 Min,Twitter,2003-02-08 08:08:48,6.0,0.0
user856 ,the DARK Knight,Amazing movie!!  must watch ,1995-07-02,NEGATIVE,90 Min,YouTube,1992-05-16 07:08:24,-2.0,0.0
USR_110,the DARK Knight,Amazing movie!!  must watch ,2020-09-09,very NEGATIVE, 150 MIN, instagram,2005-05-17 21:58:35,4.0,1200.0
user374 ,bahubali,Loved the acting and story,2018-01-03, very positive,2h 30m,imdb ,1993-02-02 00:50:27,4.0,
USR_52,KGF chapter 2, worst MOVIE ever,2005-03-27,Neutral ,180mins , instagram,2024-10-21 04:10:39,5.0,0.0
USR_49,RRR ,bad direction  poor script,2001-06-06,very NEGATIVE,90 Min,Netflix,2013-02-25 11:16:55,5.0,1200.0
,3 idiots,not worth the hype   ,2006-10-15,positive, 150 MIN,YouTube,1991-12-20 04:41:01,-2.0,-25.0
user238 ,RRR , worst MOVIE ever,1994-04-05,NEGATIVE,90 Min,imdb ,1991-10-31 00:38:33,0.0,-25.0
USR_172,dangal,bad direction  poor script,1999-12-17,very NEGATIVE, 150 MIN,YouTube,1998-04-28 01:57:04,7.5,1200.0
,3 idiots, EXCELLENT visuals but slow ,1994-03-13,very NEGATIVE,180mins ,YouTube,2006-06-12 10:39:02,,1200.0
user665 ,Pathaan ,It was okay... nothing special ,2015-04-02,very NEGATIVE,180mins ,FACEBOOK ,1991-07-26 15:44:38,10.0,0.0
user401 ,the DARK Knight,It was okay... nothing special ,2006-04-22,NEGATIVE,180mins ,FACEBOOK ,2014-09-26 11:54:08,,3.0
,Sholay,Loved the acting and story,1990-06-01, very positive,180mins ,Netflix,2013-01-02 05:26:40,6.0,50.0
user384 ,Jawan ,not worth the hype   ,2011-04-17,very NEGATIVE,2h 30m,FACEBOOK ,2006-09-21 22:39:18,10.0,0.0
user336 ,Interstellar ,not worth the hype   ,2024-01-30, very positive, 150 MIN,imdb ,1997-02-16 19:39:01,0.0,1200.0
,lagaan ,bad direction  poor script,2011-05-24,Neutral ,120 min,FACEBOOK ,2004-06-15 18:06:16,0.0,50.0
USR_72,the DARK Knight,Loved the acting and story,2001-08-14,positive,90 Min,FACEBOOK ,1996-06-30 13:47:03,,1200.0
user436 ,Inception ,bad direction  poor script,2017-12-17,Neutral , 150 MIN,Netflix,1996-01-12 18:13:16,7.5,
,Sholay,Amazing movie!!  must watch ,2011-03-21,very NEGATIVE,2h 30m,YouTube,2018-03-18 03:37:28,2.5,1200.0
,bahubali,Amazing movie!!  must watch ,2018-09-04,Neutral ,90 Min,Netflix,2009-06-23 13:47:14,4.0,1200.0
USR_46,Pushpa,It was okay... nothing special ,2002-04-18,very NEGATIVE,2h 30m, instagram,2004-04-05 02:08:30,-2.0,0.0
,Jawan ,Loved the acting and story,1993-07-17, very positive,120 min,Netflix,2022-04-05 23:15:30,6.0,
user204 ,Interstellar ,It was okay... nothing special ,2008-01-30,positive,90 Min, instagram,2007-02-09 14:31:56,7.5,-25.0
user871 ,bahubali,Loved the acting and story,2011-06-14,positive,180mins ,YouTube,2003-01-25 07:08:45,7.5,1200.0
user489 ,RRR ,It was okay... nothing special ,1990-04-08, very positive,90 Min,imdb ,2013-01-20 09:31:51,-2.0,0.0
user82 ,Interstellar ,Amazing movie!!  must watch ,1992-04-14,positive,120 min,FACEBOOK ,2000-12-15 06:34:54,-2.0,-25.0
user951 ,the DARK Knight, EXCELLENT visuals but slow ,2024-12-17,NEGATIVE,180mins ,Netflix,1993-11-10 14:20:55,-2.0,
,Inception ,Amazing movie!!  must watch ,2000-06-20,positive,2h 30m,Netflix,1997-08-27 23:00:17,-2.0,-25.0
USR_81,RRR ,not worth the hype   ,1994-03-07,positive, 150 MIN,Netflix,2017-01-16 10:48:47,6.0,3.0
,lagaan ,Amazing movie!!  must watch ,2003-04-10,positive, 150 MIN,imdb ,2000-03-09 09:04:08,,3.0
USR_97,Sholay, worst MOVIE ever,2009-07-05,Neutral ,2h 30m,YouTube,2016-08-26 10:37:13,7.5,-25.0
USR_118,KGF chapter 2,not worth the hype   ,2004-02-07,Neutral ,120 min,YouTube,2006-09-12 21:56:37,4.0,0.0
user817 ,Pathaan , worst MOVIE ever,2001-01-12,positive,180mins ,Twitter,1996-03-20 17:15:10,7.5,0.0
USR_152,bahubali,It was okay... nothing special ,2012-04-12,Neutral , 150 MIN,YouTube,2005-02-14 15:51:37,-2.0,0.0
,dangal,bad direction  poor script,2000-02-26,very NEGATIVE,90 Min, instagram,1992-03-17 18:48:11,2.5,-25.0
,3 idiots,not worth the hype   ,2021-03-18, very positive,120 min,imdb ,2014-03-16 17:28:46,5.0,-25.0
USR_171,Pushpa,Amazing movie!!  must watch ,2022-03-19,Neutral ,2h 30m, instagram,2004-07-05 22:00:26,4.0,1200.0
,RRR ,Amazing movie!!  must watch ,2015-12-01,Neutral ,90 Min,Netflix,1996-06-17 04:16:07,-2.0,3.0
user728 ,Pushpa, EXCELLENT visuals but slow ,2004-01-26,NEGATIVE, 150 MIN,imdb ,2000-03-23 20:57:45,7.5,50.0
,Jawan , EXCELLENT visuals but slow ,1990-07-26,NEGATIVE,90 Min,YouTube,2010-05-06 11:01:09,7.5,
,Pushpa, EXCELLENT visuals but slow ,2020-01-25,very NEGATIVE,2h 30m,YouTube,2021-11-26 07:26:51,0.0,-25.0
,Sholay,Amazing movie!!  must watch ,2004-05-26,very NEGATIVE,120 min,Twitter,2024-10-10 15:55:16,,1200.0
,dangal, worst MOVIE ever,2019-09-01, very positive, 150 MIN,YouTube,2002-01-24 19:11:59,10.0,0.0
user339 ,Pushpa,It was okay... nothing special ,1990-07-09,NEGATIVE,2h 30m,Twitter,2009-03-23 07:55:59,4.0,-25.0
USR_17,bahubali, worst MOVIE ever,2016-08-18,NEGATIVE, 150 MIN,Netflix,2024-07-27 19:33:39,6.0,1200.0
,3 idiots,bad direction  poor script,2024-07-16,Neutral ,120 min,YouTube,1995-04-06 21:31:48,,-25.0
USR_175,3 idiots, EXCELLENT visuals but slow ,2014-11-13,NEGATIVE,120 min,FACEBOOK ,2009-12-07 08:49:52,0.0,50.0
USR_65,dangal,It was okay... nothing special ,2019-09-08,NEGATIVE,90 Min,FACEBOOK ,2000-06-03 00:55:47,7.5,
,RRR ,Amazing movie!!  must watch ,1991-03-28,Neutral ,90 Min,FACEBOOK ,2009-05-05 06:11:35,,1200.0
,RRR , EXCELLENT visuals but slow ,1997-02-01,positive,90 Min,Netflix,2021-07-17 04:13:14,0.0,50.0
,Jawan ,not worth the hype   ,1993-06-01,very NEGATIVE,2h 30m,Twitter,1991-07-25 06:30:44,-2.0,50.0
,Interstellar , worst MOVIE ever,2000-02-01, very positive,180mins ,YouTube,1999-07-24 17:43:06,,3.0
user389 ,KGF chapter 2,Amazing movie!!  must watch ,1991-12-31,Neutral ,90 Min,imdb ,2021-12-26 00:57:26,0.0,-25.0
,Inception ,bad direction  poor script,1996-09-12, very positive,90 Min,Netflix,2003-03-15 11:04:07,5.0,3.0
USR_26,bahubali,not worth the hype   ,1997-06-25,NEGATIVE,90 Min,Twitter,2015-07-13 21:53:49,4.0,3.0
USR_190,Pushpa,Amazing movie!!  must watch ,1994-01-08, very positive, 150 MIN,Netflix,1996-06-09 17:25:30,-2.0,3.0
,Titanic,Amazing movie!!  must watch ,2008-02-12,positive,90 Min,Netflix,2001-11-27 02:15:32,0.0,-25.0
user614 ,RRR , worst MOVIE ever,2015-04-19,very NEGATIVE,90 Min,Netflix,2008-04-27 06:08:14,5.0,1200.0
user431 ,lagaan ,It was okay... nothing special ,2016-05-01,very NEGATIVE, 150 MIN,Twitter,1997-11-19 03:13:13,0.0,
USR_20,dangal, worst MOVIE ever,2012-07-20,positive,180mins , instagram,2017-08-19 15:12:50,10.0,3.0
user948 ,the DARK Knight,Amazing movie!!  must watch ,1991-05-05,positive,2h 30m,FACEBOOK ,2022-09-05 15:08:10,0.0,3.0
USR_14,Titanic,bad direction  poor script,1996-12-01, very positive,180mins ,FACEBOOK ,2024-03-17 11:47:38,,
user524 ,Pushpa,bad direction  poor script,2000-09-12, very positive,2h 30m,FACEBOOK ,1996-08-05 12:21:55,,1200.0
user329 ,Interstellar ,It was okay... nothing special ,2004-07-26,very NEGATIVE,180mins ,Twitter,2020-10-09 01:02:36,,1200.0
USR_28,Pushpa,It was okay... nothing special ,1993-10-01,very NEGATIVE, 150 MIN,imdb ,1993-05-29 04:21:58,5.0,
USR_73,3 idiots, worst MOVIE ever,2016-01-21,Neutral ,180mins ,Twitter,2020-03-11 14:30:31,2.5,
,Jawan ,bad direction  poor script,1997-01-01,Neutral ,2h 30m,Twitter,2013-09-10 21:56:26,4.0,3.0
USR_32,Pathaan ,bad direction  poor script,2008-02-10,NEGATIVE, 150 MIN,YouTube,2008-12-21 16:53:43,-2.0,
USR_79,Sholay,Loved the acting and story,2011-12-11, very positive,90 Min,FACEBOOK ,2023-11-12 14:20:52,6.0,-25.0
user249 ,Titanic,Amazing movie!!  must watch ,1992-10-14,positive,2h 30m, instagram,1992-04-27 12:30:22,6.0,0.0
user418 ,Pushpa,bad direction  poor script,2003-10-09,positive,90 Min, instagram,1996-09-12 19:10:08,7.5,50.0
,Sholay,not worth the hype   ,2003-08-22,very NEGATIVE,180mins ,Netflix,2003-12-22 02:00:45,2.5,50.0
user619 ,bahubali,Loved the acting and story,1995-04-18,very NEGATIVE,90 Min,YouTube,2008-08-15 08:32:40,10.0,
USR_12,3 idiots, worst MOVIE ever,2012-03-18,positive,90 Min,Netflix,2006-09-06 00:17:04,6.0,-25.0
USR_24,bahubali,Amazing movie!!  must watch ,1995-08-14, very positive,2h 30m,Netflix,2009-08-21 00:19:29,4.0,3.0
,Pathaan ,Amazing movie!!  must watch ,2020-07-06,very NEGATIVE, 150 MIN,Netflix,2018-05-14 03:01:14,5.0,
,Titanic,Loved the acting and story,1994-05-19,positive,180mins ,FACEBOOK ,1994-12-29 13:59:12,7.5,1200.0
,Sholay,bad direction  poor script,1997-04-04,NEGATIVE,90 Min,Twitter,2007-02-25 00:49:57,10.0,1200.0
,lagaan ,Amazing movie!!  must watch ,2024-08-30,Neutral ,120 min,Twitter,1995-08-31 20:55:18,2.5,-25.0
USR_79,Pushpa,It was okay... nothing special ,1990-03-26,NEGATIVE,90 Min,imdb ,2020-06-06 11:56:55,2.5,50.0
USR_54,the DARK Knight,Loved the acting and story,2014-02-06,Neutral ,90 Min,Twitter,2020-07-23 22:01:37,5.0,0.0
user726 ,the DARK Knight,Amazing movie!!  must watch ,1995-04-07,Neutral ,180mins ,Netflix,1993-08-25 05:43:24,0.0,50.0
,the DARK Knight,Loved the acting and story,1995-05-14,Neutral ,2h 30m,Twitter,2010-07-26 00:52:30,7.5,1200.0
USR_104,the DARK Knight,Loved the acting and story,2019-08-12,NEGATIVE,120 min,YouTube,2002-09-02 04:32:20,5.0,1200.0
USR_61,Interstellar ,not worth the hype   ,1996-07-14, very positive,2h 30m, instagram,1992-01-02 02:01:26,2.5,50.0
user24 ,3 idiots,Amazing movie!!  must watch ,2007-11-26,positive,180mins , instagram,2013-12-19 12:03:30,-2.0,1200.0
user235 ,3 idiots,Amazing movie!!  must watch ,1995-03-11, very positive,120 min, instagram,2000-10-02 08:25:41,4.0,0.0
user742 ,3 idiots, EXCELLENT visuals but slow ,2024-10-18,NEGATIVE,90 Min,YouTube,2021-06-08 13:26:24,7.5,1200.0
user892 ,Jawan ,Loved the acting and story,1990-05-07,NEGATIVE,180mins , instagram,2020-01-23 00:17:29,-2.0,50.0
USR_66,Jawan ,bad direction  poor script,1991-03-22,positive, 150 MIN,Twitter,2018-05-24 07:40:06,5.0,0.0
USR_49,Interstellar ,not worth the hype   ,1994-03-16, very positive, 150 MIN,YouTube,2024-08-18 18:06:50,7.5,-25.0
,Pathaan , worst MOVIE ever,2019-11-30,NEGATIVE,180mins ,imdb ,2008-06-24 19:36:42,7.5,1200.0
user206 ,Jawan ,Loved the acting and story,2014-09-15,Neutral ,180mins ,Twitter,2006-06-21 17:31:48,0.0,0.0
USR_120, AVATAR, worst MOVIE ever,2015-12-10,positive,180mins ,FACEBOOK ,2011-01-07 08:18:29,7.5,
user248 ,Inception , worst MOVIE ever,2023-09-24,Neutral , 150 MIN,Netflix,2006-02-17 13:42:18,0.0,50.0
user340 ,3 idiots,It was okay... nothing special ,2013-07-28,Neutral , 150 MIN,Twitter,2005-01-19 13:19:47,7.5,0.0
, AVATAR,not worth the hype   ,2020-03-19,Neutral , 150 MIN, instagram,1992-11-14 11:42:17,5.0,-25.0
,KGF chapter 2,Loved the acting and story,2004-03-10,positive, 150 MIN, instagram,2017-01-23 06:53:23,4.0,-25.0
,Pushpa,Amazing movie!!  must watch ,1996-02-08,NEGATIVE,180mins ,Twitter,2019-09-06 15:44:10,7.5,
USR_149,lagaan ,It was okay... nothing special ,1992-08-19,very NEGATIVE,180mins ,Twitter,2014-12-11 15:12:48,4.0,0.0
user757 ,Pathaan ,not worth the hype   ,2015-01-17,NEGATIVE,180mins ,FACEBOOK ,1993-04-01 05:57:29,2.5,50.0
USR_169, AVATAR,It was okay... nothing special ,2007-02-12,Neutral ,2h 30m, instagram,2014-03-28 09:26:04,7.5,0.0
user810 ,Interstellar ,It was okay... nothing special ,1993-04-29,NEGATIVE,2h 30m,Twitter,2002-09-23 13:41:59,2.5,1200.0
USR_149,lagaan ,bad direction  poor script,2021-09-19,positive, 150 MIN,imdb ,2000-02-20 05:44:58,-2.0,
USR_186,3 idiots,bad direction  poor script,2019-02-14,NEGATIVE,180mins , instagram,1995-03-11 01:27:11,0.0,0.0
USR_188,RRR ,Amazing movie!!  must watch ,2007-10-19,positive,180mins ,FACEBOOK ,2016-12-06 14:18:16,7.5,-25.0
USR_121,the DARK Knight,bad direction  poor script,1991-10-28,very NEGATIVE,90 Min,Netflix,1995-04-04 09:01:01,10.0,1200.0
,Interstellar ,bad direction  poor script,2017-11-02,very NEGATIVE,2h 30m,imdb ,2015-12-30 14:02:36,4.0,1200.0
,Pushpa,Loved the acting and story,2022-02-10,Neutral , 150 MIN,imdb ,2009-12-04 02:35:00,7.5,3.0
,Jawan ,Amazing movie!!  must watch ,1998-07-14, very positive,120 min,Twitter,2005-03-04 10:23:29,10.0,1200.0
user235 ,Jawan , EXCELLENT visuals but slow ,2001-04-25,NEGATIVE,180mins ,imdb ,2024-01-03 14:43:43,-2.0,-25.0
USR_38,3 idiots,Loved the acting and story,2023-01-05,positive,90 Min,YouTube,2023-09-16 21:37:21,4.0,-25.0
USR_46,Pathaan ,Loved the acting and story,2023-04-21,very NEGATIVE, 150 MIN,YouTube,1992-03-25 23:52:23,10.0,3.0
user23 ,3 idiots,bad direction  poor script,2023-10-04, very positive,120 min,Twitter,2012-03-31 13:04:58,2.5,
,lagaan ,Loved the acting and story,1991-08-29,positive,120 min, instagram,2004-02-28 21:04:33,,3.0
user589 ,Interstellar , worst MOVIE ever,2005-02-14, very positive,90 Min,YouTube,1995-02-04 17:49:41,2.5,0.0
user705 ,lagaan , EXCELLENT visuals but slow ,2015-09-17,very NEGATIVE,120 min,Twitter,2018-10-04 05:28:13,0.0,50.0
,bahubali,Amazing movie!!  must watch ,2015-08-06,Neutral , 150 MIN,Twitter,1996-09-25 09:01:50,7.5,0.0
user224 ,the DARK Knight,Loved the acting and story,2005-06-02,positive,120 min,YouTube,1990-06-24 20:31:52,10.0,0.0
,Titanic,Amazing movie!!  must watch ,2005-01-19,very NEGATIVE,2h 30m,Netflix,2016-05-23 06:41:44,10.0,-25.0
USR_56,Inception ,Amazing movie!!  must watch ,2000-04-30,very NEGATIVE, 150 MIN,imdb ,2011-04-03 13:56:36,-2.0,
,Pushpa,Amazing movie!!  must watch ,1997-06-02, very positive,90 Min,Twitter,2021-11-22 12:15:28,-2.0,
USR_184,Jawan ,bad direction  poor script,1997-10-26,NEGATIVE,180mins ,FACEBOOK ,2005-11-16 20:01:18,5.0,0.0
user637 ,Inception ,Loved the acting and story,2012-03-18,positive,180mins ,imdb ,2014-09-09 00:05:21,4.0,0.0
USR_128,Sholay, worst MOVIE ever,1998-03-30,Neutral , 150 MIN,YouTube,1994-07-02 05:18:15,0.0,-25.0
,KGF chapter 2,It was okay... nothing special ,1995-03-01,Neutral , 150 MIN,FACEBOOK ,2001-05-26 14:34:10,,50.0
,Interstellar ,not worth the hype   ,2012-09-15,Neutral ,2h 30m,Netflix,2021-06-25 13:09:08,7.5,1200.0
USR_109,dangal,bad direction  poor script,2006-10-27,positive,180mins ,Netflix,2012-01-11 23:37:36,-2.0,50.0
USR_68,3 idiots, worst MOVIE ever,2010-03-13,NEGATIVE,120 min, instagram,2005-04-23 03:08:57,4.0,-25.0
,3 idiots,Amazing movie!!  must watch ,2020-07-26,Neutral ,90 Min,imdb ,2010-08-31 16:51:38,7.5,0.0
,Sholay,It was okay... nothing special ,2023-08-31,NEGATIVE,180mins ,Netflix,2009-12-01 19:39:29,,
,RRR ,It was okay... nothing special ,2009-06-02,very NEGATIVE,90 Min,Twitter,2009-03-20 22:45:59,7.5,50.0
USR_78,3 idiots, EXCELLENT visuals but slow ,2010-10-17, very positive,120 min,imdb ,2004-04-10 09:40:53,7.5,-25.0
,Pushpa,bad direction  poor script,2003-04-18,Neutral ,2h 30m,Netflix,2017-05-02 10:55:26,-2.0,3.0
,RRR , worst MOVIE ever,2003-07-09, very positive,180mins ,Twitter,2017-01-02 14:04:22,,-25.0
user884 ,RRR ,Loved the acting and story,2008-10-21, very positive,120 min,imdb ,2012-12-19 04:06:49,0.0,-25.0
USR_153,RRR ,Loved the acting and story,2021-11-13, very positive,180mins ,YouTube,2014-04-02 20:06:03,4.0,50.0
,Pathaan , worst MOVIE ever,2004-09-16, very positive,180mins ,FACEBOOK ,2014-03-21 09:41:29,,1200.0
USR_180,dangal,Loved the acting and story,1993-09-27,positive,2h 30m,YouTube,2012-10-11 21:24:27,,-25.0
USR_148,Sholay,Amazing movie!!  must watch ,2007-02-26,very NEGATIVE,90 Min,FACEBOOK ,2014-06-10 13:54:39,4.0,-25.0
user850 ,Pathaan ,It was okay... nothing special ,1997-01-31,NEGATIVE,90 Min,Twitter,1995-10-19 09:04:46,2.5,-25.0
USR_8,Jawan , EXCELLENT visuals but slow ,1995-08-14,Neutral , 150 MIN,Twitter,1996-12-08 12:27:45,2.5,
,Interstellar ,bad direction  poor script,2015-04-01,Neutral ,90 Min,Netflix,1993-09-08 22:00:38,6.0,50.0
USR_69,dangal,Amazing movie!!  must watch ,1992-10-18,NEGATIVE,120 min,Twitter,2020-04-24 07:41:47,7.5,1200.0
user956 ,Titanic, worst MOVIE ever,2024-08-25,Neutral ,120 min, instagram,1997-11-30 22:02:11,5.0,
,Sholay,bad direction  poor script,2024-03-17,NEGATIVE,2h 30m, instagram,2013-11-23 20:51:10,5.0,
USR_162,dangal,It was okay... nothing special ,2016-10-06, very positive, 150 MIN, instagram,1994-12-14 19:14:28,0.0,3.0
,RRR ,Loved the acting and story,1994-09-21,NEGATIVE, 150 MIN, instagram,1991-12-31 12:55:35,6.0,-25.0
user399 ,Titanic,Loved the acting and story,2010-06-30, very positive,180mins ,Netflix,2001-02-19 04:12:13,5.0,
USR_28,Inception ,not worth the hype   ,1991-03-05, very positive,2h 30m, instagram,2000-04-08 14:44:26,10.0,-25.0
user526 ,Pushpa,bad direction  poor script,1994-05-27, very positive,180mins ,FACEBOOK ,2019-01-15 03:00:22,4.0,1200.0
, AVATAR,bad direction  poor script,1990-09-14,Neutral ,2h 30m,FACEBOOK ,1994-05-20 16:01:14,5.0,3.0
user993 ,Pathaan ,bad direction  poor script,2004-12-14,Neutral ,120 min,imdb ,2015-03-13 14:58:26,5.0,50.0
,Sholay, EXCELLENT visuals but slow ,1999-08-02,positive,90 Min,imdb ,2001-01-09 04:52:07,-2.0,
user398 ,3 idiots, EXCELLENT visuals but slow ,2009-03-01,positive,2h 30m,Netflix,2001-09-17 11:51:41,-2.0,-25.0
, AVATAR,It was okay... nothing special ,2009-07-03,very NEGATIVE,180mins ,YouTube,2013-01-18 10:32:51,7.5,3.0
USR_116,dangal,Loved the acting and story,2021-12-26, very positive,2h 30m,imdb ,2004-07-07 11:18:33,2.5,3.0
, AVATAR, worst MOVIE ever,2011-07-24,NEGATIVE,90 Min,Netflix,2006-08-22 20:16:08,6.0,1200.0
USR_26,Inception ,Loved the acting and story,2020-04-20,very NEGATIVE,2h 30m,YouTube,2003-10-29 13:02:49,4.0,50.0
,Interstellar ,not worth the hype   ,2021-02-27,NEGATIVE,90 Min,FACEBOOK ,2004-01-30 15:50:22,5.0,-25.0
,Inception , EXCELLENT visuals but slow ,1999-07-19,positive,90 Min,Twitter,1998-07-18 01:42:06,4.0,3.0
user89 ,lagaan ,Amazing movie!!  must watch ,2000-10-26,Neutral , 150 MIN,YouTube,2018-09-08 04:25:44,-2.0,
,Pushpa,Loved the acting and story,2005-01-29,Neutral ,90 Min,Twitter,2004-08-17 09:46:21,5.0,50.0
user520 ,dangal, worst MOVIE ever,2002-12-10, very positive,120 min,Netflix,1991-03-18 21:34:48,4.0,50.0
USR_80,the DARK Knight, worst MOVIE ever,2022-06-27,positive,2h 30m,Twitter,2014-11-09 12:07:35,6.0,-25.0
,Jawan ,bad direction  poor script,2022-01-03,Neutral ,180mins ,Twitter,1998-01-05 18:39:27,,3.0
USR_140,3 idiots,It was okay... nothing special ,2016-02-07,very NEGATIVE,180mins ,Netflix,2010-01-28 19:00:33,4.0,-25.0
user741 ,dangal, EXCELLENT visuals but slow ,1993-01-10,NEGATIVE,90 Min,YouTube,2001-01-28 08:27:52,2.5,
USR_42,lagaan ,bad direction  poor script,2001-06-29, very positive,180mins ,FACEBOOK ,2010-10-15 12:02:13,10.0,0.0
user849 ,Jawan ,bad direction  poor script,2018-09-17,very NEGATIVE,180mins , instagram,1999-09-16 22:18:12,-2.0,50.0
USR_153,lagaan ,It was okay... nothing special ,1992-06-23,NEGATIVE,90 Min,Netflix,1992-04-17 00:47:08,2.5,50.0
USR_118,lagaan ,It was okay... nothing special ,2007-09-26,NEGATIVE,2h 30m,Twitter,1997-10-12 03:09:28,0.0,50.0
USR_1,lagaan ,It was okay... nothing special ,2022-07-29,Neutral , 150 MIN,imdb ,1990-06-08 00:03:23,0.0,0.0
user223 ,RRR ,Amazing movie!!  must watch ,2009-04-29,Neutral ,120 min,YouTube,2021-04-09 05:33:23,0.0,
user528 ,KGF chapter 2,not worth the hype   ,1993-04-01,positive, 150 MIN,YouTube,2023-09-24 14:00:19,2.5,50.0
USR_180,bahubali,It was okay... nothing special ,2014-09-03, very positive, 150 MIN, instagram,2007-06-22 08:53:15,7.5,-25.0
user41 ,Sholay,It was okay... nothing special ,1998-09-13,very NEGATIVE,90 Min, instagram,2023-05-13 08:33:53,4.0,
USR_89, AVATAR,Loved the acting and story,2022-08-04,positive, 150 MIN, instagram,2006-01-27 01:48:32,10.0,0.0
USR_20,Inception ,It was okay... nothing special ,1994-04-18, very positive,2h 30m, instagram,2019-04-27 01:03:19,-2.0,
user517 ,Pathaan ,not worth the hype   ,2011-01-28,NEGATIVE,180mins ,FACEBOOK ,2009-09-10 21:47:16,,-25.0
user730 , AVATAR,Amazing movie!!  must watch ,2005-03-24, very positive,2h 30m,FACEBOOK ,2014-02-09 00:02:26,2.5,0.0
user909 ,the DARK Knight, worst MOVIE ever,2016-06-19,positive,2h 30m, instagram,2019-07-15 04:43:50,-2.0,-25.0
USR_6,bahubali, worst MOVIE ever,2015-10-13,NEGATIVE,2h 30m,YouTube,2014-10-30 03:00:25,,0.0
USR_142, AVATAR,not worth the hype   ,2000-07-26,Neutral , 150 MIN,Netflix,2020-04-26 20:22:34,0.0,1200.0
USR_61,the DARK Knight,Loved the acting and story,2020-03-12,Neutral ,90 Min,Netflix,2011-12-18 03:31:25,2.5,-25.0
USR_20,lagaan ,Amazing movie!!  must watch ,1994-07-19,positive,2h 30m,FACEBOOK ,2004-10-04 08:39:49,,3.0
,Inception ,Amazing movie!!  must watch ,2017-11-12,Neutral ,180mins ,YouTube,2023-03-06 10:05:42,6.0,0.0
,Pathaan , EXCELLENT visuals but slow ,1990-04-08,NEGATIVE,180mins ,imdb ,2003-02-23 08:16:56,6.0,-25.0
,Sholay,It was okay... nothing special ,2021-08-12,positive, 150 MIN,FACEBOOK ,2012-05-18 02:39:40,0.0,0.0
,the DARK Knight, EXCELLENT visuals but slow ,1996-10-29,very NEGATIVE,120 min,Twitter,2021-09-13 09:01:25,2.5,3.0
,lagaan ,It was okay... nothing special ,2012-06-07,positive, 150 MIN,FACEBOOK ,1995-03-30 15:01:15,10.0,-25.0
user81 ,Inception ,not worth the hype   ,2019-01-15, very positive,2h 30m,Netflix,2002-09-03 06:29:37,5.0,-25.0
USR_37,bahubali, EXCELLENT visuals but slow ,2020-09-17,NEGATIVE,90 Min, instagram,2000-01-31 20:49:08,7.5,-25.0
USR_92,the DARK Knight, EXCELLENT visuals but slow ,2023-10-09,Neutral ,180mins ,Twitter,2007-05-17 08:54:11,2.5,
,Jawan , EXCELLENT visuals but slow ,2019-06-01,Neutral , 150 MIN,imdb ,2006-09-11 04:20:19,0.0,50.0
USR_160,lagaan , EXCELLENT visuals but slow ,2018-03-28, very positive,2h 30m,YouTube,2002-10-01 04:55:28,5.0,3.0
,3 idiots,It was okay... nothing special ,2002-05-02,very NEGATIVE,90 Min, instagram,2014-02-26 08:40:48,10.0,3.0
,Titanic, EXCELLENT visuals but slow ,2023-06-13, very positive, 150 MIN,Twitter,2024-12-14 14:53:20,5.0,3.0
USR_31,3 idiots, worst MOVIE ever,2008-08-20,positive,2h 30m,Twitter,2019-07-02 20:46:09,10.0,-25.0
user119 ,the DARK Knight,Loved the acting and story,2024-05-27,Neutral , 150 MIN,Netflix,2004-12-21 09:22:20,5.0,1200.0
,KGF chapter 2,Loved the acting and story,2001-05-12, very positive,180mins , instagram,2011-12-01 22:30:37,-2.0,3.0
user130 ,the DARK Knight,Amazing movie!!  must watch ,1992-06-21, very positive,2h 30m,FACEBOOK ,2016-11-16 15:53:14,7.5,50.0
user179 ,RRR ,not worth the hype   ,1990-03-15,very NEGATIVE, 150 MIN, instagram,2005-11-04 17:46:28,0.0,1200.0
USR_117,Titanic, EXCELLENT visuals but slow ,2010-06-06, very positive,180mins ,YouTube,1996-08-05 06:18:16,2.5,0.0
, AVATAR,bad direction  poor script,2022-09-15,very NEGATIVE,2h 30m,FACEBOOK ,2013-07-15 14:43:36,2.5,3.0
user878 ,dangal,It was okay... nothing special ,2017-07-30,very NEGATIVE,2h 30m,Netflix,2020-12-26 15:13:36,2.5,1200.0
user13 ,Interstellar , EXCELLENT visuals but slow ,2014-01-29,positive,2h 30m,Twitter,2013-11-08 01:10:43,,-25.0
user685 ,Pathaan , worst MOVIE ever,2016-05-28,Neutral ,180mins ,Twitter,2007-05-02 18:30:43,-2.0,1200.0
USR_138,Titanic, worst MOVIE ever,2024-11-01, very positive,180mins ,YouTube,2000-03-04 15:37:33,5.0,3.0
user277 ,3 idiots,Amazing movie!!  must watch ,2004-01-17,positive,180mins ,imdb ,1998-07-08 23:02:21,7.5,
,Inception ,bad direction  poor script,2004-01-26,positive,120 min,Twitter,2009-10-08 08:27:52,6.0,
,dangal,It was okay... nothing special ,1997-02-20,very NEGATIVE, 150 MIN,Twitter,2003-10-10 06:34:39,4.0,3.0
USR_125, AVATAR,Amazing movie!!  must watch ,2007-03-01,Neutral ,180mins ,YouTube,1994-12-05 04:11:07,2.5,3.0
USR_173,the DARK Knight, EXCELLENT visuals but slow ,2018-05-25,Neutral ,180mins ,imdb ,2011-01-24 11:53:46,4.0,1200.0
USR_67,dangal, EXCELLENT visuals but slow ,1999-11-29,very NEGATIVE,120 min, instagram,1999-02-21 05:29:29,2.5,50.0
USR_70,3 idiots,It was okay... nothing special ,2013-02-10,very NEGATIVE, 150 MIN, instagram,2000-09-15 17:47:20,5.0,
,dangal,bad direction  poor script,2020-11-23,Neutral ,120 min,imdb ,1990-01-18 08:42:38,0.0,50.0
, AVATAR,Amazing movie!!  must watch ,2021-02-20,positive,90 Min,Twitter,2011-02-26 14:26:49,5.0,50.0
user735 ,RRR ,It was okay... nothing special ,2021-05-30,positive,180mins ,Netflix,2006-08-18 06:40:36,10.0,50.0
USR_7,Titanic, EXCELLENT visuals but slow ,2015-08-16, very positive,2h 30m,Netflix,2002-03-04 22:46:58,0.0,50.0
user197 ,bahubali,not worth the hype   ,2014-04-20,positive,180mins ,Twitter,2010-12-08 23:55:28,,-25.0
USR_103, AVATAR, EXCELLENT visuals but slow ,2021-05-29,Neutral ,180mins ,FACEBOOK ,2020-05-15 17:07:21,6.0,
user426 ,dangal, EXCELLENT visuals but slow ,2011-04-28,very NEGATIVE,180mins ,FACEBOOK ,1996-12-16 22:27:48,4.0,
user231 ,Pushpa,It was okay... nothing special ,2017-07-20,NEGATIVE, 150 MIN, instagram,2002-06-13 12:00:42,10.0,3.0
user774 ,Pathaan , EXCELLENT visuals but slow ,1993-12-18,positive,90 Min, instagram,2014-10-07 10:15:56,6.0,
,Sholay,Loved the acting and story,2007-11-29, very positive, 150 MIN,FACEBOOK ,2018-08-16 15:18:22,7.5,1200.0
,Inception ,Amazing movie!!  must watch ,2021-04-06,NEGATIVE, 150 MIN,Twitter,2017-04-19 12:02:19,2.5,1200.0
, AVATAR,Amazing movie!!  must watch ,2024-01-27,positive,2h 30m,imdb ,2009-04-19 08:17:08,5.0,1200.0
user873 ,Inception , EXCELLENT visuals but slow ,2004-06-16,positive,2h 30m,FACEBOOK ,2014-10-07 03:11:12,7.5,50.0
USR_126,3 idiots,Amazing movie!!  must watch ,2017-11-10,NEGATIVE, 150 MIN,Twitter,2006-01-29 16:49:36,0.0,
,Titanic,It was okay... nothing special ,1993-09-15, very positive, 150 MIN,YouTube,2016-12-16 20:01:49,10.0,50.0
USR_65,RRR ,Loved the acting and story,1994-08-03,NEGATIVE,2h 30m,imdb ,2011-06-15 00:50:03,2.5,-25.0
,Jawan ,Loved the acting and story,2024-08-10,positive,2h 30m,YouTube,2016-01-23 04:52:01,,0.0
user621 ,the DARK Knight,not worth the hype   ,2011-09-19,very NEGATIVE,2h 30m,YouTube,2005-03-31 10:00:48,5.0,1200.0
user646 ,Jawan , worst MOVIE ever,2023-01-18,very NEGATIVE,2h 30m,imdb ,1997-07-20 14:09:19,4.0,1200.0
,KGF chapter 2,Amazing movie!!  must watch ,1993-01-27,very NEGATIVE,180mins ,FACEBOOK ,2011-06-21 04:14:49,2.5,0.0
user584 ,lagaan ,Loved the acting and story,2016-04-26,NEGATIVE, 150 MIN,Netflix,2011-04-08 06:13:28,6.0,-25.0
,Jawan , worst MOVIE ever,2021-08-22,very NEGATIVE,90 Min,imdb ,2016-07-19 00:22:35,0.0,50.0
USR_81,Titanic, worst MOVIE ever,2023-09-24,very NEGATIVE,2h 30m,Twitter,2018-01-30 09:04:42,6.0,3.0
,KGF chapter 2,not worth the hype   ,2020-03-21,very NEGATIVE,120 min, instagram,2007-11-20 06:44:51,5.0,-25.0
USR_143,lagaan ,Loved the acting and story,2016-12-19,positive, 150 MIN,imdb ,1993-12-11 14:20:09,-2.0,-25.0
user219 ,the DARK Knight,It was okay... nothing special ,2019-12-16, very positive, 150 MIN,FACEBOOK ,1990-12-18 12:45:59,5.0,3.0
USR_176,Inception , worst MOVIE ever,2015-08-28, very positive,180mins ,Twitter,2002-03-22 16:44:43,5.0,1200.0
USR_30,Jawan ,Loved the acting and story,2013-03-05, very positive,90 Min,FACEBOOK ,2020-12-25 20:27:11,10.0,50.0
user671 ,dangal,It was okay... nothing special ,1999-09-13,NEGATIVE,180mins ,YouTube,1995-05-16 12:48:51,2.5,50.0
USR_83,3 idiots,Amazing movie!!  must watch ,2012-01-03,positive, 150 MIN, instagram,1991-02-25 09:29:10,6.0,50.0
user883 ,Jawan ,bad direction  poor script,2020-08-08,NEGATIVE, 150 MIN, instagram,1996-03-14 18:04:48,5.0,-25.0
USR_168,dangal,Loved the acting and story,1996-05-22,positive,2h 30m, instagram,2014-11-12 02:56:41,5.0,50.0
USR_29,the DARK Knight,not worth the hype   ,2020-09-15, very positive,90 Min,imdb ,2008-10-13 10:57:05,,3.0
user714 ,lagaan ,Loved the acting and story,2011-06-14, very positive,120 min,Twitter,1997-01-06 08:01:00,5.0,1200.0
user871 ,Titanic,not worth the hype   ,2012-02-04,very NEGATIVE,90 Min,imdb ,2007-10-27 15:53:00,4.0,
USR_78,Pushpa,Amazing movie!!  must watch ,1991-10-28,very NEGATIVE,90 Min,imdb ,2007-11-08 09:19:30,5.0,3.0
user971 ,Interstellar ,Loved the acting and story,1992-07-12,very NEGATIVE,180mins ,YouTube,2001-04-03 18:59:23,-2.0,0.0
USR_130,Pushpa, EXCELLENT visuals but slow ,1991-05-07,very NEGATIVE, 150 MIN, instagram,1999-02-27 09:54:10,2.5,50.0
user794 ,Sholay,not worth the hype   ,2006-07-28, very positive,180mins ,Netflix,2018-01-10 22:17:32,10.0,1200.0
USR_78,Pathaan , EXCELLENT visuals but slow ,1995-12-02,NEGATIVE,90 Min,Twitter,2000-04-23 11:21:51,10.0,1200.0
user546 ,Jawan , EXCELLENT visuals but slow ,1994-11-25,positive,90 Min,imdb ,2003-03-10 03:03:01,10.0,50.0
USR_52,Interstellar , EXCELLENT visuals but slow ,1999-11-24,positive,2h 30m,FACEBOOK ,1991-09-05 11:19:52,0.0,1200.0
user165 ,KGF chapter 2,not worth the hype   ,1997-11-26,Neutral ,120 min,imdb ,1991-10-05 00:43:36,6.0,
,bahubali,Loved the acting and story,1996-02-07,positive,2h 30m,Twitter,2022-06-18 20:34:26,6.0,3.0
USR_53,dangal, EXCELLENT visuals but slow ,1998-10-16,very NEGATIVE,2h 30m,Netflix,1990-03-17 03:47:11,6.0,1200.0
,the DARK Knight,Amazing movie!!  must watch ,1999-12-23,NEGATIVE, 150 MIN,YouTube,1998-03-22 08:58:03,-2.0,
user893 ,Interstellar ,not worth the hype   ,1993-08-09,NEGATIVE, 150 MIN,Netflix,1991-02-28 01:42:02,10.0,50.0
USR_174,bahubali,bad direction  poor script,2013-07-14,Neutral ,120 min,Twitter,2023-12-22 04:47:05,7.5,50.0
USR_136,the DARK Knight,bad direction  poor script,2010-10-11,very NEGATIVE, 150 MIN, instagram,2007-01-02 11:33:16,4.0,50.0
user671 ,Pathaan ,bad direction  poor script,2005-12-13,very NEGATIVE, 150 MIN, instagram,2002-03-16 20:53:24,4.0,0.0
user130 ,Pushpa, EXCELLENT visuals but slow ,2021-05-12,very NEGATIVE,90 Min,imdb ,2014-11-24 16:09:36,6.0,3.0
user522 ,Titanic,bad direction  poor script,2019-11-21,NEGATIVE,90 Min,YouTube,2017-11-19 09:01:30,5.0,1200.0
USR_173,RRR ,It was okay... nothing special ,2004-04-02,very NEGATIVE, 150 MIN,YouTube,1990-05-24 03:53:36,-2.0,50.0
USR_52, AVATAR,not worth the hype   ,2002-10-27,positive,120 min,FACEBOOK ,1994-07-18 04:44:33,0.0,1200.0
,bahubali,Amazing movie!!  must watch ,1997-06-08,positive, 150 MIN,FACEBOOK ,2006-02-08 20:36:07,7.5,1200.0
user880 ,Sholay, worst MOVIE ever,2012-04-25, very positive,120 min,FACEBOOK ,1997-01-15 22:22:47,,3.0
user361 , AVATAR,Amazing movie!!  must watch ,2001-06-07,Neutral ,180mins ,Netflix,1997-01-10 17:40:47,5.0,50.0
user586 , AVATAR, worst MOVIE ever,2021-12-12,Neutral , 150 MIN,FACEBOOK ,2000-08-20 03:06:08,10.0,0.0
USR_194,Inception ,bad direction  poor script,2002-12-01,positive,2h 30m,Twitter,2009-08-28 15:21:16,2.5,
USR_28,3 idiots,bad direction  poor script,2006-02-26,very NEGATIVE, 150 MIN,YouTube,2001-10-24 10:30:58,,1200.0
user67 ,Pushpa,Amazing movie!!  must watch ,2023-12-06,Neutral ,120 min,imdb ,2009-12-02 21:30:40,4.0,
,Sholay,Loved the acting and story,1994-01-05, very positive, 150 MIN,YouTube,2001-02-09 21:16:46,4.0,1200.0
,bahubali,Amazing movie!!  must watch ,1993-09-25, very positive,180mins , instagram,1997-11-27 04:35:17,2.5,50.0
USR_131,Pathaan ,not worth the hype   ,1994-11-06,NEGATIVE, 150 MIN, instagram,2023-02-02 05:23:27,10.0,50.0
USR_168,Jawan ,It was okay... nothing special ,2016-09-24,positive,90 Min,imdb ,1998-06-14 07:00:37,10.0,3.0
USR_6,Pushpa,not worth the hype   ,1991-08-07, very positive,2h 30m, instagram,2001-06-28 21:24:22,4.0,50.0
user876 ,Titanic,It was okay... nothing special ,2009-10-06,NEGATIVE, 150 MIN,Netflix,1998-04-26 05:01:39,2.5,-25.0
user33 ,Jawan ,not worth the hype   ,1993-09-25, very positive,90 Min,YouTube,1990-09-29 02:58:48,2.5,1200.0
,Pushpa, worst MOVIE ever,1991-11-25,NEGATIVE, 150 MIN, instagram,2008-10-16 13:49:50,2.5,1200.0
,Inception ,Amazing movie!!  must watch ,2020-10-24,NEGATIVE,90 Min,Netflix,2021-03-04 06:24:54,0.0,50.0
user546 ,Pathaan ,Loved the acting and story,2024-10-08,NEGATIVE,2h 30m,imdb ,2022-09-29 18:13:21,5.0,0.0
,KGF chapter 2,Loved the acting and story,1992-05-11,very NEGATIVE, 150 MIN,YouTube,1990-05-22 00:01:50,-2.0,3.0
,Sholay,It was okay... nothing special ,2007-09-04, very positive,90 Min,Netflix,2004-03-19 07:09:19,0.0,1200.0
USR_57,KGF chapter 2,not worth the hype   ,2023-07-29,positive, 150 MIN,Netflix,2005-02-14 23:45:06,10.0,0.0
USR_68,the DARK Knight,bad direction  poor script,2017-05-16,Neutral ,180mins ,Netflix,1996-09-19 11:03:25,-2.0,-25.0
user755 ,the DARK Knight,not worth the hype   ,2020-12-14,very NEGATIVE,2h 30m,YouTube,1990-10-17 02:40:43,7.5,0.0
,Jawan ,bad direction  poor script,1999-03-18,positive,2h 30m, instagram,2001-03-28 21:40:41,5.0,3.0
user789 ,dangal,Loved the acting and story,2013-09-15,Neutral ,180mins , instagram,2011-11-08 18:43:07,5.0,0.0
,dangal,bad direction  poor script,1994-08-30,Neutral ,2h 30m,FACEBOOK ,2007-03-30 18:47:30,10.0,0.0
USR_1,Pushpa,not worth the hype   ,2011-07-16,positive, 150 MIN,Netflix,1990-07-28 22:15:27,2.5,50.0
user709 ,Titanic,Amazing movie!!  must watch ,2008-12-07,very NEGATIVE,2h 30m,Twitter,1990-08-21 04:13:03,4.0,0.0
USR_161,KGF chapter 2,It was okay... nothing special ,2014-10-03,positive,180mins ,FACEBOOK ,2007-03-15 13:48:24,2.5,
,bahubali, EXCELLENT visuals but slow ,1991-08-30, very positive, 150 MIN,Netflix,2001-07-15 08:34:15,7.5,
USR_96,the DARK Knight, EXCELLENT visuals but slow ,2006-03-23, very positive, 150 MIN,Netflix,2013-11-12 16:23:17,7.5,-25.0
USR_158,Pushpa,bad direction  poor script,2015-07-15,very NEGATIVE,2h 30m, instagram,2010-02-21 06:15:48,7.5,1200.0
,Sholay,It was okay... nothing special ,2009-02-25,NEGATIVE,120 min,Twitter,1993-06-23 10:54:31,0.0,-25.0
user937 ,Jawan ,not worth the hype   ,2004-11-05,Neutral ,120 min,Netflix,1994-04-16 15:56:24,6.0,1200.0
USR_101,Jawan ,Amazing movie!!  must watch ,2023-11-16, very positive,2h 30m,Netflix,1997-12-11 22:04:15,7.5,
,RRR ,bad direction  poor script,2012-05-19,positive,180mins ,FACEBOOK ,2015-12-12 10:01:29,2.5,50.0
,Sholay,Amazing movie!!  must watch ,2017-03-30,NEGATIVE, 150 MIN,FACEBOOK ,2019-12-20 10:48:50,,-25.0
USR_40,Sholay,Amazing movie!!  must watch ,2014-01-03,NEGATIVE,180mins ,imdb ,2013-06-27 01:08:31,4.0,3.0
USR_77,3 idiots,not worth the hype   ,2009-08-01, very positive,2h 30m,imdb ,2016-02-08 23:44:00,2.5,0.0
,Pushpa,bad direction  poor script,1999-11-11,NEGATIVE, 150 MIN,YouTube,1992-03-03 03:59:14,7.5,3.0
user763 ,KGF chapter 2,It was okay... nothing special ,1995-06-10,NEGATIVE,90 Min,Netflix,1993-04-02 17:01:44,10.0,3.0
USR_97, AVATAR,bad direction  poor script,2020-08-07,very NEGATIVE,2h 30m, instagram,1996-09-17 22:22:34,0.0,1200.0
USR_159,Interstellar ,Loved the acting and story,2018-02-14,NEGATIVE,180mins ,FACEBOOK ,2013-01-09 07:57:19,0.0,1200.0
user393 ,Jawan ,bad direction  poor script,1993-09-14, very positive, 150 MIN,Twitter,2022-12-12 13:07:59,,0.0
,bahubali,Amazing movie!!  must watch ,1998-10-12,very NEGATIVE,120 min,YouTube,2000-06-20 02:51:06,-2.0,1200.0
,dangal,Loved the acting and story,2018-10-26,positive, 150 MIN,FACEBOOK ,2007-01-29 10:49:42,0.0,50.0
USR_158,Interstellar ,It was okay... nothing special ,2000-05-12, very positive,180mins ,YouTube,1993-06-07 01:44:14,5.0,1200.0
user136 ,the DARK Knight,bad direction  poor script,2000-04-02,NEGATIVE,90 Min,FACEBOOK ,1998-06-28 21:07:37,0.0,0.0
,dangal,bad direction  poor script,1996-02-24,NEGATIVE,90 Min, instagram,2004-08-16 00:45:54,6.0,1200.0
USR_2,KGF chapter 2,not worth the hype   ,2019-04-18,Neutral , 150 MIN, instagram,1994-04-03 02:41:31,5.0,-25.0
user229 ,the DARK Knight,Loved the acting and story,2011-02-10,positive,2h 30m, instagram,1992-12-17 00:51:44,-2.0,50.0
USR_64,Pathaan ,bad direction  poor script,1999-04-10,very NEGATIVE,2h 30m, instagram,1990-01-15 18:50:09,0.0,3.0
,Pathaan ,It was okay... nothing special ,2018-11-22,positive,120 min,FACEBOOK ,2018-11-30 00:39:34,4.0,-25.0
,bahubali,It was okay... nothing special ,2003-02-24,NEGATIVE,90 Min,YouTube,2013-01-27 16:57:55,2.5,1200.0
,Inception ,It was okay... nothing special ,2010-12-11,NEGATIVE,180mins ,YouTube,2024-02-07 06:51:14,7.5,50.0
user961 ,Pathaan , EXCELLENT visuals but slow ,2016-03-13,very NEGATIVE,2h 30m,imdb ,1992-09-23 05:15:10,,1200.0
user729 ,dangal,not worth the hype   ,2022-05-01,NEGATIVE, 150 MIN,imdb ,2019-06-26 09:09:48,7.5,0.0
USR_95,lagaan ,not worth the hype   ,1990-04-27,positive,2h 30m,YouTube,2010-11-28 06:50:36,4.0,0.0
user291 , AVATAR,It was okay... nothing special ,2021-08-23,positive,180mins , instagram,1995-08-02 03:59:50,-2.0,50.0
,3 idiots, worst MOVIE ever,1997-10-23,positive, 150 MIN,Twitter,2006-06-07 07:14:52,4.0,3.0
,Pathaan , EXCELLENT visuals but slow ,2022-04-08,very NEGATIVE, 150 MIN,Twitter,2011-11-21 10:34:49,,0.0
,bahubali,bad direction  poor script,2016-07-18,very NEGATIVE,180mins ,FACEBOOK ,1997-02-17 20:09:19,2.5,0.0
USR_69,RRR ,Amazing movie!!  must watch ,2013-11-05, very positive,90 Min,YouTube,1994-10-14 18:37:04,2.5,50.0
user554 ,lagaan ,bad direction  poor script,2021-06-13,Neutral ,90 Min,imdb ,1996-01-19 03:30:44,10.0,0.0
user839 ,RRR ,Amazing movie!!  must watch ,2000-11-15,very NEGATIVE,120 min,FACEBOOK ,2000-12-03 16:11:04,,1200.0
USR_107,dangal,Amazing movie!!  must watch ,1993-11-12,positive,90 Min,imdb ,2001-06-02 13:54:44,4.0,3.0
user349 ,Sholay,Amazing movie!!  must watch ,2004-05-22,Neutral , 150 MIN,FACEBOOK ,2008-09-10 02:49:28,,1200.0
,KGF chapter 2, EXCELLENT visuals but slow ,2017-03-23,positive,180mins ,FACEBOOK ,2015-11-21 22:00:25,6.0,3.0
USR_147, AVATAR,not worth the hype   ,1990-02-20,positive,90 Min,FACEBOOK ,2019-12-08 01:55:43,7.5,3.0
USR_192,bahubali,It was okay... nothing special ,2011-09-24,very NEGATIVE,120 min,YouTube,2010-07-15 08:51:32,5.0,-25.0
USR_82,the DARK Knight, EXCELLENT visuals but slow ,2009-07-13,very NEGATIVE,90 Min, instagram,2004-08-08 17:47:49,-2.0,50.0
USR_12,lagaan ,Amazing movie!!  must watch ,2002-09-16,Neutral ,2h 30m,FACEBOOK ,2012-10-05 03:31:45,10.0,-25.0
